{
  "fragment/authenticate.fragment.xml": 1718788173433,
  "controller/UserPage.controller.js": 1718788173433,
  "model/models.js": 1718788173433,
  "controller/allBooks.controller.js": 1718789107305,
  "manifest.json": 1719208945641,
  "controller/HomePage.controller.js": 1718969103131,
  "controller/BaseController.js": 1718788173433,
  "controller/App.controller.js": 1718788173433,
  "controller/AdminPage.controller.js": 1718968961106,
  "Component.js": 1718788173433,
  "Component-preload.js": 1719208946112,
  "controller/App-dbg.controller.js": 1718788173433,
  "controller/allBooks-dbg.controller.js": 1718789107305,
  "controller/UserPage-dbg.controller.js": 1718788173433,
  "controller/HomePage-dbg.controller.js": 1718969103131,
  "controller/BaseController-dbg.js": 1718788173433,
  "model/models-dbg.js": 1718788173433,
  "controller/AdminPage-dbg.controller.js": 1718968961106,
  "Component-dbg.js": 1718788173433,
  "view/allBooks.view.xml": 1718788173433,
  "view/UserPage.view.xml": 1718789087669,
  "view/HomePage.view.xml": 1718788173433,
  "view/App.view.xml": 1718788173433,
  "view/AdminPage.view.xml": 1718969531308,
  "fragment/updateBooks.fragment.xml": 1718788173433,
  "fragment/signup.fragment.xml": 1718788173433,
  "fragment/notifications.fragment.xml": 1718788173433,
  "fragment/libraryinfo.fragment.xml": 1718788173433,
  "fragment/issueBooks.fragment.xml": 1718788173433,
  "fragment/createBooks.fragment.xml": 1718788173433,
  "i18n/i18n.properties": 1718788173433,
  "fragment/activeLoans.fragment.xml": 1718788173433,
  "fragment/Userdetails.fragment.xml": 1718788173433,
  "fragment/NewUserSignUp.fragment.xml": 1718968112064,
  "fragment/Admindetails.fragment.xml": 1718788173433,
  "css/style.css": 1718788173433,
  "Images/book.jpg": 1718788173433,
  "index.html": 1718954803156
}