<core:FragmentDefinition xmlns:core="sap.ui.core" xmlns:form="sap.ui.layout.form" xmlns="sap.m">
    <Dialog
        id="idnotifyDialog"
        resizable="true"
        draggable="true"
        contentWidth="50%"
        contentHeight="40%"
        title="Login Details"
    >
        <customHeader>
            <Bar>
                <contentMiddle>
                    <Text text="Notifications"></Text>
                </contentMiddle>
                <contentLeft>
                    <Button
                        id="cancelbtn"
                        icon="sap-icon://nav-back"
                        press="onCloseDialog"
                    />
                </contentLeft>
            </Bar>
        </customHeader>
        <Table
            id="idUserLoans"
            alternateRowColors="true"
            backgroundDesign="Transparent"
            items="{activeLoans}"
        >
            <columns>
                <Column>
                    <Text text="Short description"></Text>
                </Column>
                <Column>
                    <Text text="ISBN"></Text>
                </Column>
            </columns>
            <items>
                <ColumnListItem>
                    <cells>
                        <Text text="{notify}"></Text>
                        <Text text="{book/ISBN}"></Text>
                    </cells>
                </ColumnListItem>
            </items>
        </Table>
    </Dialog>
</core:FragmentDefinition>

